<annotation>
  <folder></folder>
  <filename>train (30).jpg</filename>
  <source>
    <database>Unknown</database>
    <annotation>Unknown</annotation>
    <image>Unknown</image>
  </source>
  <size>
    <width>416</width>
    <height>416</height>
    <depth></depth>
  </size>
  <segmented>0</segmented>
  <object>
    <name>gallina</name>
    <truncated>0</truncated>
    <occluded>0</occluded>
    <difficult>0</difficult>
    <bndbox>
      <xmin>116.07</xmin>
      <ymin>100.78</ymin>
      <xmax>178.95</xmax>
      <ymax>160.25</ymax>
    </bndbox>
    <attributes>
      <attribute>
        <name>rotation</name>
        <value>0.0</value>
      </attribute>
    </attributes>
  </object>
</annotation>
